{"cameraMode":{"drawMode":0,"name":"Shaded","section":"Shading Mode"},"sceneLighting":true,"audioPlay":false,"sceneViewState":{"m_AlwaysRefresh":false,"showFog":true,"showSkybox":true,"showFlares":true,"showImageEffects":true,"showParticleSystems":true,"showVisualEffectGraphs":true,"m_FxEnabled":true},"in2DMode":false,"pivot":{"x":-0.0029999911785125734,"y":0.3889999985694885,"z":2.9709999561309816},"rotation":{"x":0.47297462821006777,"y":-0.04590075463056564,"z":0.024683421477675439,"w":0.8795329332351685},"size":16.80891227722168,"orthographic":true}