{"cameraMode":{"drawMode":0,"name":"Shaded","section":"Shading Mode"},"sceneLighting":false,"audioPlay":false,"sceneViewState":{"m_AlwaysRefresh":false,"showFog":true,"showSkybox":false,"showFlares":true,"showImageEffects":true,"showParticleSystems":true,"showVisualEffectGraphs":true,"m_FxEnabled":true},"in2DMode":false,"pivot":{"x":-0.10299999266862869,"y":0.3889999985694885,"z":2.7809998989105226},"rotation":{"x":0.47297462821006777,"y":-0.04590075463056564,"z":0.024683421477675439,"w":0.8795329332351685},"size":0.4452165365219116,"orthographic":true}